[
  {
    "video_id": 23,
    "comment_timestamp": "2024-11-02 12:14:53.028Z",
    "author": "user13",
    "comment_text": "NoSQL databases are the future!"
  },
  {
    "video_id": 5,
    "comment_timestamp": "2024-11-02 12:14:53.001Z",
    "author": "user4",
    "comment_text": "This was exactly what I needed for my project!"
  },
  {
    "video_id": 28,
    "comment_timestamp": "2024-11-02 12:14:53.035Z",
    "author": "user15",
    "comment_text": "Ethical hacking is crucial for cybersecurity."
  },
  {
    "video_id": 10,
    "comment_timestamp": "2024-11-02 12:14:53.007Z",
    "author": "user6",
    "comment_text": "HTML is easy to learn!"
  },
  {
    "video_id": 16,
    "comment_timestamp": "2024-11-02 12:14:53.016Z",
    "author": "user9",
    "comment_text": "PHP is great for backend development."
  },
  {
    "video_id": 13,
    "comment_timestamp": "2024-11-02 12:14:53.012Z",
    "author": "user8",
    "comment_text": "Flutter is fantastic for cross-platform apps."
  },
  {
    "video_id": 30,
    "comment_timestamp": "2024-11-02 12:14:53.671Z",
    "author": "user1",
    "comment_text": "UX design is essential for user satisfaction."
  },
  {
    "video_id": 11,
    "comment_timestamp": "2024-11-02 12:14:53.009Z",
    "author": "user7",
    "comment_text": "Git is essential for version control!"
  },
  {
    "video_id": 1,
    "comment_timestamp": "2024-11-02 12:14:52.995Z",
    "author": "user2",
    "comment_text": "This tutorial is very helpful, thank you!"
  },
  {
    "video_id": 19,
    "comment_timestamp": "2024-11-02 12:14:53.021Z",
    "author": "user11",
    "comment_text": "Pandas is perfect for data analysis!"
  },
  {
    "video_id": 8,
    "comment_timestamp": "2024-11-02 12:14:53.004Z",
    "author": "user5",
    "comment_text": "React is awesome! Cant wait to dive deeper."
  },
  {
    "video_id": 2,
    "comment_timestamp": "2024-11-02 12:14:52.997Z",
    "author": "user2",
    "comment_text": "Great introduction to data science!"
  },
  {
    "video_id": 4,
    "comment_timestamp": "2024-11-02 12:14:53.000Z",
    "author": "user3",
    "comment_text": "Thanks for explaining SQL queries so clearly!"
  },
  {
    "video_id": 18,
    "comment_timestamp": "2024-11-02 12:14:53.019Z",
    "author": "user10",
    "comment_text": "Angular is a powerful framework for SPAs."
  },
  {
    "video_id": 15,
    "comment_timestamp": "2024-11-02 12:14:53.015Z",
    "author": "user9",
    "comment_text": "Web security is so important nowadays!"
  },
  {
    "video_id": 22,
    "comment_timestamp": "2024-11-02 12:14:53.027Z",
    "author": "user12",
    "comment_text": "Kotlin is a modern language for Android."
  },
  {
    "video_id": 27,
    "comment_timestamp": "2024-11-02 12:14:53.033Z",
    "author": "user15",
    "comment_text": "ASP.NET is powerful for web applications."
  },
  {
    "video_id": 20,
    "comment_timestamp": "2024-11-02 12:14:53.023Z",
    "author": "user11",
    "comment_text": "Java is a great language for beginners."
  },
  {
    "video_id": 7,
    "comment_timestamp": "2024-11-02 12:14:53.003Z",
    "author": "user5",
    "comment_text": "Docker has transformed my workflow!"
  },
  {
    "video_id": 6,
    "comment_timestamp": "2024-11-02 12:14:53.002Z",
    "author": "user4",
    "comment_text": "CSS Grid is a game changer!"
  },
  {
    "video_id": 29,
    "comment_timestamp": "2024-11-02 12:14:53.036Z",
    "author": "user1",
    "comment_text": "Game development is so exciting!"
  },
  {
    "video_id": 9,
    "comment_timestamp": "2024-11-02 12:14:53.006Z",
    "author": "user6",
    "comment_text": "Very informative on machine learning basics."
  },
  {
    "video_id": 14,
    "comment_timestamp": "2024-11-02 12:14:53.014Z",
    "author": "user8",
    "comment_text": "Data visualization is key to understanding data."
  },
  {
    "video_id": 26,
    "comment_timestamp": "2024-11-02 12:14:53.032Z",
    "author": "user14",
    "comment_text": "Swift is intuitive for iOS development."
  },
  {
    "video_id": 21,
    "comment_timestamp": "2024-11-02 12:14:53.025Z",
    "author": "user12",
    "comment_text": "Scikit-Learn makes ML easy to implement!"
  },
  {
    "video_id": 17,
    "comment_timestamp": "2024-11-02 12:14:53.017Z",
    "author": "user10",
    "comment_text": "Ruby on Rails simplifies web development!"
  },
  {
    "video_id": 24,
    "comment_timestamp": "2024-11-02 12:14:53.029Z",
    "author": "user13",
    "comment_text": "Cloud computing is a game changer."
  },
  {
    "video_id": 25,
    "comment_timestamp": "2024-11-02 12:14:53.031Z",
    "author": "user14",
    "comment_text": "Flask is easy to use for APIs."
  },
  {
    "video_id": 12,
    "comment_timestamp": "2024-11-02 12:14:53.011Z",
    "author": "user7",
    "comment_text": "Postman makes API testing so much easier!"
  },
  {
    "video_id": 3,
    "comment_timestamp": "2024-11-02 12:14:52.998Z",
    "author": "user3",
    "comment_text": "JavaScript is so fun to learn!"
  }
]
