[
  {
    "author": "user14",
    "video_id": 27,
    "description": "Creating web applications using ASP.NET.",
    "tags": [
      "ASP.NET",
      "Backend",
      "Web Development"
    ],
    "title": "Web Development with ASP.NET",
    "upload_timestamp": "2024-11-07 11:41:32.666Z"
  },
  {
    "author": "user14",
    "video_id": 28,
    "description": "Introduction to ethical hacking techniques.",
    "tags": [
      "Cybersecurity",
      "Ethical Hacking",
      "Tutorial"
    ],
    "title": "Ethical Hacking Basics",
    "upload_timestamp": "2024-11-07 11:41:32.668Z"
  },
  {
    "author": "user8",
    "video_id": 15,
    "description": "Understanding web security.",
    "tags": [
      "Cybersecurity",
      "Tutorial",
      "Web Security"
    ],
    "title": "Web Security Basics",
    "upload_timestamp": "2024-11-07 11:41:32.640Z"
  },
  {
    "author": "user8",
    "video_id": 16,
    "description": "Learn PHP for web development.",
    "tags": [
      "Backend",
      "PHP",
      "Web Development"
    ],
    "title": "Introduction to PHP",
    "upload_timestamp": "2024-11-07 11:41:32.642Z"
  },
  {
    "author": "user12",
    "video_id": 23,
    "description": "A guide to NoSQL database concepts.",
    "tags": [
      "Database",
      "NoSQL",
      "Tutorial"
    ],
    "title": "Understanding NoSQL Databases",
    "upload_timestamp": "2024-11-07 11:41:32.658Z"
  },
  {
    "author": "user12",
    "video_id": 24,
    "description": "Understanding the basics of cloud computing.",
    "tags": [
      "Cloud",
      "Computing",
      "Tutorial"
    ],
    "title": "Introduction to Cloud Computing",
    "upload_timestamp": "2024-11-07 11:41:32.660Z"
  },
  {
    "author": "user2",
    "video_id": 3,
    "description": "Learn the basics of JavaScript.",
    "tags": [
      "JavaScript",
      "Tutorial",
      "Web Development"
    ],
    "title": "JavaScript for Beginners",
    "upload_timestamp": "2024-11-07 11:41:32.613Z"
  },
  {
    "author": "user2",
    "video_id": 4,
    "description": "How to write SQL queries effectively.",
    "tags": [
      "Database",
      "SQL",
      "Tutorial"
    ],
    "title": "SQL Queries Explained",
    "upload_timestamp": "2024-11-07 11:41:32.615Z"
  },
  {
    "author": "user9",
    "video_id": 17,
    "description": "Getting started with Ruby on Rails.",
    "tags": [
      "Backend",
      "Ruby",
      "Web Development"
    ],
    "title": "Learning Ruby on Rails",
    "upload_timestamp": "2024-11-07 11:41:32.645Z"
  },
  {
    "author": "user9",
    "video_id": 18,
    "description": "A guide to Angular for frontend development.",
    "tags": [
      "Angular",
      "JavaScript",
      "Web Development"
    ],
    "title": "Introduction to Angular",
    "upload_timestamp": "2024-11-07 11:41:32.647Z"
  },
  {
    "author": "user13",
    "video_id": 25,
    "description": "Learn how to create REST APIs with Flask.",
    "tags": [
      "API",
      "Flask",
      "Python"
    ],
    "title": "Creating RESTful Services with Flask",
    "upload_timestamp": "2024-11-07 11:41:32.662Z"
  },
  {
    "author": "user13",
    "video_id": 26,
    "description": "Getting started with Swift for iOS development.",
    "tags": [
      "Mobile Development",
      "Swift",
      "iOS"
    ],
    "title": "Introduction to Swift for iOS",
    "upload_timestamp": "2024-11-07 11:41:32.664Z"
  },
  {
    "author": "user4",
    "video_id": 7,
    "description": "A beginners guide to Docker.",
    "tags": [
      "Containerization",
      "DevOps",
      "Docker"
    ],
    "title": "Docker for Beginners",
    "upload_timestamp": "2024-11-07 11:41:32.623Z"
  },
  {
    "author": "user4",
    "video_id": 8,
    "description": "A crash course on React.js for web development.",
    "tags": [
      "JavaScript",
      "React",
      "Web Development"
    ],
    "title": "React Crash Course",
    "upload_timestamp": "2024-11-07 11:41:32.625Z"
  },
  {
    "author": "user1",
    "video_id": 1,
    "description": "A comprehensive guide on learning Python programming.",
    "tags": [
      "Programming",
      "Python",
      "Tutorial"
    ],
    "title": "How to Learn Python",
    "upload_timestamp": "2024-11-07 11:41:32.595Z"
  },
  {
    "author": "user1",
    "video_id": 2,
    "description": "An introduction to the field of Data Science.",
    "tags": [
      "AI",
      "Data Science",
      "Machine Learning"
    ],
    "title": "Data Science Basics",
    "upload_timestamp": "2024-11-07 11:41:32.610Z"
  },
  {
    "author": "user10",
    "video_id": 19,
    "description": "Analyzing data using the Pandas library.",
    "tags": [
      "Data Science",
      "Pandas",
      "Python"
    ],
    "title": "Data Analysis with Pandas",
    "upload_timestamp": "2024-11-07 11:41:32.649Z"
  },
  {
    "author": "user10",
    "video_id": 20,
    "description": "A beginners guide to Java programming.",
    "tags": [
      "Java",
      "Programming",
      "Tutorial"
    ],
    "title": "Getting Started with Java",
    "upload_timestamp": "2024-11-07 11:41:32.652Z"
  },
  {
    "author": "user7",
    "video_id": 13,
    "description": "Building mobile apps with Flutter.",
    "tags": [
      "Cross-Platform",
      "Flutter",
      "Mobile Development"
    ],
    "title": "Mobile Development with Flutter",
    "upload_timestamp": "2024-11-07 11:41:32.636Z"
  },
  {
    "author": "user7",
    "video_id": 14,
    "description": "Visualizing data using Python.",
    "tags": [
      "Data Visualization",
      "Python",
      "Tutorial"
    ],
    "title": "Data Visualization in Python",
    "upload_timestamp": "2024-11-07 11:41:32.638Z"
  },
  {
    "author": "user3",
    "video_id": 5,
    "description": "Creating REST APIs using Node.js.",
    "tags": [
      "API",
      "Backend Development",
      "Node.js"
    ],
    "title": "Building REST APIs with Node.js",
    "upload_timestamp": "2024-11-07 11:41:32.618Z"
  },
  {
    "author": "user3",
    "video_id": 6,
    "description": "Learn how to use CSS Grid for layout design.",
    "tags": [
      "CSS",
      "Frontend",
      "Web Design"
    ],
    "title": "CSS Grid Layout",
    "upload_timestamp": "2024-11-07 11:41:32.620Z"
  },
  {
    "author": "user6",
    "video_id": 11,
    "description": "How to use Git for version control.",
    "tags": [
      "Git",
      "Software Development",
      "Version Control"
    ],
    "title": "Version Control with Git",
    "upload_timestamp": "2024-11-07 11:41:32.631Z"
  },
  {
    "author": "user6",
    "video_id": 12,
    "description": "Testing APIs with Postman.",
    "tags": [
      "API",
      "Postman",
      "Testing"
    ],
    "title": "Exploring APIs with Postman",
    "upload_timestamp": "2024-11-07 11:41:32.633Z"
  },
  {
    "author": "user11",
    "video_id": 21,
    "description": "Building ML models using Scikit-Learn.",
    "tags": [
      "Machine Learning",
      "Python",
      "Scikit-Learn"
    ],
    "title": "Machine Learning with Scikit-Learn",
    "upload_timestamp": "2024-11-07 11:41:32.654Z"
  },
  {
    "author": "user11",
    "video_id": 22,
    "description": "Learn Kotlin for developing Android apps.",
    "tags": [
      "Android",
      "Kotlin",
      "Mobile Development"
    ],
    "title": "Kotlin for Android Development",
    "upload_timestamp": "2024-11-07 11:41:32.656Z"
  },
  {
    "author": "user5",
    "video_id": 9,
    "description": "Understanding the basics of machine learning.",
    "tags": [
      "AI",
      "Data Science",
      "Machine Learning"
    ],
    "title": "Introduction to Machine Learning",
    "upload_timestamp": "2024-11-07 11:41:32.627Z"
  },
  {
    "author": "user5",
    "video_id": 10,
    "description": "Learn the fundamentals of HTML.",
    "tags": [
      "Frontend",
      "HTML",
      "Web Development"
    ],
    "title": "HTML Fundamentals",
    "upload_timestamp": "2024-11-07 11:41:32.629Z"
  },
  {
    "author": "user15",
    "video_id": 29,
    "description": "Learn how to develop games using Unity.",
    "tags": [
      "Game Development",
      "Tutorial",
      "Unity"
    ],
    "title": "Game Development with Unity",
    "upload_timestamp": "2024-11-07 11:41:32.670Z"
  },
  {
    "author": "user15",
    "video_id": 30,
    "description": "Understanding user experience design principles.",
    "tags": [
      "Design",
      "Tutorial",
      "UX Design"
    ],
    "title": "Introduction to UX Design",
    "upload_timestamp": "2024-11-07 11:41:33.599Z"
  }
]
